Continent,LE,Remaining
Africa,65.16819855,34.83180145
Americas,75.53358304,24.46641696
Asia,74.56765719,25.43234281
Europe,78.28989648,21.71010352
Oceania,73.46355526,26.53644474